{"euclidean_960_M_24_efConstruction_500": {"build_time": 1186.954873085022, "index_size": 1124.0}, "euclidean_960_M_16_efConstruction_500": {"build_time": 1312.1008522510529, "index_size": -1868.0}, "euclidean_960_M_12_efConstruction_500": {"build_time": 552.7711980342865, "index_size": 104540.0}, "euclidean_960_M_8_efConstruction_500": {"build_time": 752.328782081604, "index_size": 2108.0}, "euclidean_960_M_4_efConstruction_500": {"build_time": 533.9194707870483, "index_size": 3548.0}, "euclidean_960_M_64_efConstruction_500": {"build_time": 1204.5600953102112, "index_size": 1040.0}, "euclidean_960_M_48_efConstruction_500": {"build_time": 1470.5927245616913, "index_size": 1896.0}, "euclidean_960_M_36_efConstruction_500": {"build_time": 869.1641054153442, "index_size": -652.0}}