{"angular_25_M_4_efConstruction_500": {"build_time": 22.407085180282593, "index_size": 14000.0}, "angular_25_M_8_efConstruction_500": {"build_time": 20.966429710388184, "index_size": 3432.0}, "angular_25_M_36_efConstruction_500": {"build_time": 20.56897497177124, "index_size": 2544.0}, "angular_25_M_12_efConstruction_500": {"build_time": 20.822303533554077, "index_size": 1536.0}, "angular_25_M_48_efConstruction_500": {"build_time": 20.758858680725098, "index_size": 2648.0}, "angular_25_M_24_efConstruction_500": {"build_time": 20.865447998046875, "index_size": 3428.0}, "angular_25_M_64_efConstruction_500": {"build_time": 20.80692982673645, "index_size": 3436.0}, "angular_25_M_16_efConstruction_500": {"build_time": 20.181806325912476, "index_size": 1572.0}}