{"angular_true_64_128_16": {"build_time": 90.2802221775055, "index_size": -8096.0}, "angular_true_16_256_768": {"build_time": 129.81241655349731, "index_size": 14656.0}, "angular_true_32_128_512": {"build_time": 95.31119561195374, "index_size": -8096.0}, "angular_true_48_64_256": {"build_time": 68.90353178977966, "index_size": -13152.0}, "angular_true_24_128_768": {"build_time": 105.28051948547363, "index_size": -15180.0}, "angular_false_32_128_768": {"build_time": 157.04899382591248, "index_size": -6060.0}, "angular_false_16_512_null": {"build_time": 241.1866590976715, "index_size": -11136.0}, "angular_false_72_128_256": {"build_time": 180.5234944820404, "index_size": -5032.0}, "angular_false_72_128_768": {"build_time": 180.5234944820404, "index_size": -5032.0}, "angular_true_48_64_128": {"build_time": 68.90353178977966, "index_size": -13152.0}, "angular_true_48_64_512": {"build_time": 68.90353178977966, "index_size": -13152.0}, "angular_true_32_128_16": {"build_time": 95.31119561195374, "index_size": -8096.0}, "angular_false_24_64_32": {"build_time": 107.00654673576355, "index_size": -5040.0}, "angular_true_32_128_768": {"build_time": 95.31119561195374, "index_size": -8096.0}, "angular_true_16_256_16": {"build_time": 129.81241655349731, "index_size": 14656.0}, "angular_false_72_128_16": {"build_time": 180.5234944820404, "index_size": -5032.0}, "angular_true_32_128_256": {"build_time": 95.31119561195374, "index_size": -8096.0}, "angular_true_48_64_8": {"build_time": 68.90353178977966, "index_size": -13152.0}, "angular_true_64_512_64": {"build_time": 306.12497901916504, "index_size": -9084.0}, "angular_false_32_128_8": {"build_time": 157.04899382591248, "index_size": -6060.0}, "angular_true_24_128_64": {"build_time": 105.28051948547363, "index_size": -15180.0}, "angular_false_16_512_8": {"build_time": 241.1866590976715, "index_size": -11136.0}, "angular_false_24_64_8": {"build_time": 107.00654673576355, "index_size": -5040.0}, "angular_false_32_128_16": {"build_time": 157.04899382591248, "index_size": -6060.0}, "angular_true_48_64_16": {"build_time": 68.90353178977966, "index_size": -13152.0}, "angular_true_24_256_8": {"build_time": 166.89062404632568, "index_size": -8092.0}, "angular_false_32_64_512": {"build_time": 87.17921590805054, "index_size": -5040.0}, "angular_true_64_128_768": {"build_time": 90.2802221775055, "index_size": -8096.0}, "angular_true_24_256_null": {"build_time": 166.89062404632568, "index_size": -8092.0}, "angular_true_64_128_256": {"build_time": 90.2802221775055, "index_size": -8096.0}, "angular_false_24_64_256": {"build_time": 107.00654673576355, "index_size": -5040.0}, "angular_true_32_128_8": {"build_time": 95.31119561195374, "index_size": -8096.0}, "angular_false_72_128_8": {"build_time": 180.5234944820404, "index_size": -5032.0}, "angular_false_24_64_512": {"build_time": 107.00654673576355, "index_size": -5040.0}, "angular_false_32_64_128": {"build_time": 87.17921590805054, "index_size": -5040.0}, "angular_true_16_256_256": {"build_time": 129.81241655349731, "index_size": 14656.0}, "angular_true_16_256_8": {"build_time": 129.81241655349731, "index_size": 14656.0}, "angular_true_24_256_32": {"build_time": 166.89062404632568, "index_size": -8092.0}, "angular_false_32_128_64": {"build_time": 157.04899382591248, "index_size": -6060.0}, "angular_true_48_64_64": {"build_time": 68.90353178977966, "index_size": -13152.0}, "angular_true_16_256_32": {"build_time": 129.81241655349731, "index_size": 14656.0}, "angular_true_24_256_256": {"build_time": 166.89062404632568, "index_size": -8092.0}, "angular_true_24_256_768": {"build_time": 166.89062404632568, "index_size": -8092.0}, "angular_false_24_64_16": {"build_time": 107.00654673576355, "index_size": -5040.0}, "angular_false_32_64_8": {"build_time": 87.17921590805054, "index_size": -5040.0}, "angular_true_64_512_512": {"build_time": 306.12497901916504, "index_size": -9084.0}, "angular_false_16_512_16": {"build_time": 241.1866590976715, "index_size": -11136.0}, "angular_true_64_128_32": {"build_time": 90.2802221775055, "index_size": -8096.0}, "angular_true_24_128_512": {"build_time": 105.28051948547363, "index_size": -15180.0}, "angular_false_24_64_768": {"build_time": 107.00654673576355, "index_size": -5040.0}, "angular_true_24_128_128": {"build_time": 105.28051948547363, "index_size": -15180.0}, "angular_true_64_128_64": {"build_time": 90.2802221775055, "index_size": -8096.0}, "angular_true_64_512_128": {"build_time": 306.12497901916504, "index_size": -9084.0}, "angular_true_24_256_16": {"build_time": 166.89062404632568, "index_size": -8092.0}, "angular_true_64_128_512": {"build_time": 90.2802221775055, "index_size": -8096.0}, "angular_true_64_512_32": {"build_time": 306.12497901916504, "index_size": -9084.0}, "angular_false_72_128_512": {"build_time": 180.5234944820404, "index_size": -5032.0}, "angular_true_16_256_64": {"build_time": 129.81241655349731, "index_size": 14656.0}, "angular_true_64_512_8": {"build_time": 306.12497901916504, "index_size": -9084.0}, "angular_false_32_64_null": {"build_time": 87.17921590805054, "index_size": -5040.0}, "angular_true_24_128_256": {"build_time": 105.28051948547363, "index_size": -15180.0}, "angular_true_48_64_768": {"build_time": 68.90353178977966, "index_size": -13152.0}, "angular_false_32_128_256": {"build_time": 157.04899382591248, "index_size": -6060.0}, "angular_true_24_256_128": {"build_time": 166.89062404632568, "index_size": -8092.0}, "angular_true_32_128_32": {"build_time": 95.31119561195374, "index_size": -8096.0}, "angular_false_32_128_512": {"build_time": 157.04899382591248, "index_size": -6060.0}, "angular_false_32_128_128": {"build_time": 157.04899382591248, "index_size": -6060.0}, "angular_true_64_512_null": {"build_time": 306.12497901916504, "index_size": -9084.0}, "angular_false_72_128_32": {"build_time": 180.5234944820404, "index_size": -5032.0}, "angular_false_32_64_64": {"build_time": 87.17921590805054, "index_size": -5040.0}, "angular_false_32_64_16": {"build_time": 87.17921590805054, "index_size": -5040.0}, "angular_true_24_128_32": {"build_time": 105.28051948547363, "index_size": -15180.0}, "angular_true_16_256_512": {"build_time": 129.81241655349731, "index_size": 14656.0}, "angular_true_48_64_null": {"build_time": 68.90353178977966, "index_size": -13152.0}, "angular_true_64_128_null": {"build_time": 90.2802221775055, "index_size": -8096.0}, "angular_true_24_256_512": {"build_time": 166.89062404632568, "index_size": -8092.0}, "angular_false_72_128_128": {"build_time": 180.5234944820404, "index_size": -5032.0}, "angular_true_32_128_64": {"build_time": 95.31119561195374, "index_size": -8096.0}, "angular_false_32_128_null": {"build_time": 157.04899382591248, "index_size": -6060.0}, "angular_true_64_512_768": {"build_time": 306.12497901916504, "index_size": -9084.0}, "angular_true_64_128_128": {"build_time": 90.2802221775055, "index_size": -8096.0}, "angular_true_64_512_256": {"build_time": 306.12497901916504, "index_size": -9084.0}, "angular_false_32_64_32": {"build_time": 87.17921590805054, "index_size": -5040.0}, "angular_false_16_512_32": {"build_time": 241.1866590976715, "index_size": -11136.0}, "angular_true_24_128_16": {"build_time": 105.28051948547363, "index_size": -15180.0}, "angular_false_72_128_null": {"build_time": 180.5234944820404, "index_size": -5032.0}, "angular_false_72_128_64": {"build_time": 180.5234944820404, "index_size": -5032.0}, "angular_true_64_128_8": {"build_time": 90.2802221775055, "index_size": -8096.0}, "angular_false_24_64_64": {"build_time": 107.00654673576355, "index_size": -5040.0}, "angular_true_24_256_64": {"build_time": 166.89062404632568, "index_size": -8092.0}, "angular_true_64_512_16": {"build_time": 306.12497901916504, "index_size": -9084.0}, "angular_true_16_256_128": {"build_time": 129.81241655349731, "index_size": 14656.0}, "angular_true_24_128_8": {"build_time": 105.28051948547363, "index_size": -15180.0}, "angular_true_48_64_32": {"build_time": 68.90353178977966,