{"angular_256_M_4_efConstruction_500": {"build_time": 62.42307949066162, "index_size": -916.0}, "angular_256_M_64_efConstruction_500": {"build_time": 100.97125601768494, "index_size": 64880.0}, "angular_256_M_48_efConstruction_500": {"build_time": 81.14016890525818, "index_size": 300.0}, "angular_256_M_8_efConstruction_500": {"build_time": 62.51727557182312, "index_size": 300.0}, "angular_256_M_36_efConstruction_500": {"build_time": 81.65670251846313, "index_size": 3240.0}, "angular_256_M_16_efConstruction_500": {"build_time": 62.11517834663391, "index_size": -9764.0}, "angular_256_M_24_efConstruction_500": {"build_time": 71.33197736740112, "index_size": -2468.0}, "angular_256_M_12_efConstruction_500": {"build_time": 61.99613666534424, "index_size": 2544.0}}